ATP,Location,Tournament,Date,Series,Court,Surface,Round,Best of,Winner,Loser,WRank,LRank,WPts,LPts,W1,L1,W2,L2,W3,L3,W4,L4,W5,L5,Wsets,Lsets,Comment,B365W,B365L,EXW,EXL,LBW,LBL,PSW,PSL,MaxW,MaxL,AvgW,AvgL
40,London,Wimbledon,02/07/18,Grand Slam,Outdoor,Grass,1st Round,5,Struff J.L.,Mayer L.,64,36,865,1235,3,6,6,7,7,6,7,6,6,1,3,2,Completed,2.62,1.5,2.5,1.47,2.62,1.5,2.66,1.54,2.69,1.54,2.58,1.51
40,London,Wimbledon,02/07/18,Grand Slam,Outdoor,Grass,1st Round,5,Cilic M.,Nishioka Y.,5,256,5060,217,6,1,6,4,6,4,,,,,3,0,Completed,1.03,15,1.02,10,1.03,13,1.03,20.5,1.04,21,1.02,14.87
40,London,Wimbledon,02/07/18,Grand Slam,Outdoor,Grass,1st Round,5,Jarry N.,Krajinovic F.,66,30,859,1489,6,3,3,6,7,6,6,4,,,3,1,Completed,1.44,2.75,1.45,2.55,1.44,2.75,1.56,2.6,1.56,2.8,1.5,2.61
40,London,Wimbledon,02/07/18,Grand Slam,Outdoor,Grass,1st Round,5,Kohlschreiber P.,Donskoy E.,27,83,1575,706,6,2,6,4,7,5,,,,,3,0,Completed,1.16,5,1.16,4.6,1.17,5,1.21,5.12,1.22,5.47,1.18,4.91
40,London,Wimbledon,02/07/18,Grand Slam,Outdoor,Grass,1st Round,5,Pouille L.,Kudla D.,19,84,1835,699,6,3,6,3,2,6,6,3,,,3,1,Completed,1.61,2.25,1.6,2.2,1.61,2.25,1.68,2.34,1.69,2.4,1.63,2.28
40,London,Wimbledon,02/07/18,Grand Slam,Outdoor,Grass,1st Round,5,Querrey S.,Thompson J.,13,101,2130,575,6,2,6,4,6,3,,,,,3,0,Completed,1.12,6,1.12,5.4,1.14,5.5,1.14,6.87,1.17,6.87,1.14,5.86
40,London,Wimbledon,02/07/18,Grand Slam,Outdoor,Grass,1st Round,5,Muller G.,Mmoh M.,60,119,915,459,7,5,4,6,7,6,3,6,6,1,3,2,Completed,1.28,3.75,1.25,3.6,1.3,3.5,1.29,4.02,1.32,4.02,1.28,3.7
40,London,Wimbledon,02/07/18,Grand Slam,Outdoor,Grass,1st Round,5,Novak D.,Polansky P.,171,110,338,495,6,2,6,3,7,6,,,,,3,0,Completed,1.57,2.37,1.5,2.4,1.53,2.5,1.56,2.6,1.63,2.6,1.54,2.48
40,London,Wimbledon,02/07/18,Grand Slam,Outdoor,Grass,1st Round,5,Stakhovsky S.,Sousa J.,109,45,513,1045,6,3,6,3,5,7,1,6,6,4,3,2,Completed,1.61,2.25,1.62,2.15,1.67,2.2,1.74,2.22,1.75,2.25,1.69,2.17
40,London,Wimbledon,02/07/18,Grand Slam,Outdoor,Grass,1st Round,5,Federer R.,Lajovic D.,2,58,8720,920,6,1,6,3,6,4,,,,,3,0,Completed,1.01,23,1.01,11.5,1.02,15,1.03,17.65,1.03,29.92,1.02,17.56
40,London,Wimbledon,02/07/18,Grand Slam,Outdoor,Grass,1st Round,5,Pella G.,Kubler J.,82,147,710,385,6,4,7,5,4,6,7,6,,,3,1,Completed,1.57,2.37,1.57,2.25,1.61,2.25,1.69,2.3,1.73,2.45,1.62,2.31
40,London,Wimbledon,02/07/18,Grand Slam,Outdoor,Grass,1st Round,5,Mcdonald M.,Berankis R.,103,96,554,599,4,6,7,6,6,3,7,6,,,3,1,Completed,1.53,2.5,1.5,2.4,1.53,2.5,1.61,2.49,1.65,2.75,1.55,2.47
40,London,Wimbledon,02/07/18,Grand Slam,Outdoor,Grass,1st Round,5,Karlovic I.,Youzhny M.,112,102,480,571,4,6,7,5,7,6,6,3,,,3,1,Completed,1.9,1.9,1.75,1.95,1.73,2.1,1.83,2.09,1.93,2.1,1.81,2.01
40,London,Wimbledon,02/07/18,Grand Slam,Outdoor,Grass,1st Round,5,Garcia-Lopez G.,Elias G.,65,118,863,460,6,2,6,4,6,2,,,,,3,0,Completed,1.11,7,1.08,6.5,1.1,7,1.1,8.55,1.13,9.4,1.09,7.65
40,London,Wimbledon,02/07/18,Grand Slam,Outdoor,Grass,1st Round,5,Medvedev D.,Coric B.,67,20,847,1745,7,6,6,2,6,2,,,,,3,0,Completed,4.5,1.22,4.1,1.2,4,1.22,4.34,1.26,4.55,1.27,4.22,1.23
40,London,Wimbledon,02/07/18,Grand Slam,Outdoor,Grass,1st Round,5,Raonic M.,Broady L.,32,173,1430,328,7,5,6,0,6,1,,,,,3,0,Completed,1.1,7,1.07,7,1.08,7.5,1.09,9.01,1.1,10.43,1.07,8.39
40,London,Wimbledon,02/07/18,Grand Slam,Outdoor,Grass,1st Round,5,Isner J.,Maden Y.,10,134,3045,424,6,2,7,6,7,5,,,,,3,0,Completed,1.11,6,1.11,5.6,1.14,5.5,1.17,6.02,1.17,7.19,1.12,6.46
40,London,Wimbledon,02/07/18,Grand Slam,Outdoor,Grass,1st Round,5,Fabbiano T.,Bhambri Y.,133,85,424,687,2,6,6,3,6,3,6,2,,,3,1,Completed,1.5,2.62,1.45,2.55,1.44,2.75,1.55,2.64,1.56,2.8,1.49,2.63
40,London,Wimbledon,02/07/18,Grand Slam,Outdoor,Grass,1st Round,5,Seppi A.,Smith J.P.,50,211,996,277,6,2,6,4,6,1,,,,,3,0,Completed,1.44,2.75,1.45,2.55,1.5,2.62,1.53,2.7,1.53,3.15,1.47,2.68
40,London,Wimbledon,02/07/18,Grand Slam,Outdoor,Grass,1st Round,5,Millman J.,Travaglia S.,56,137,931,409,6,7,6,3,7,5,6,2,,,3,1,Completed,1.44,2.75,1.45,2.55,1.5,2.62,1.43,3.06,1.53,3.06,1.47,2.7
40,London,Wimbledon,02/07/18,Grand Slam,Outdoor,Grass,1st Round,5,Wawrinka S.,Dimitrov G.,224,6,255,4780,1,6,7,6,7,6,6,4,,,3,1,Completed,4,1.25,3.95,1.21,4,1.25,4.66,1.23,4.71,1.25,4.29,1.22
40,London,Wimbledon,02/07/18,Grand Slam,Outdoor,Grass,1st Round,5,Tsitsipas S.,Barrere G.,35,188,1254,302,6,3,6,4,6,7,7,5,,,3,1,Completed,1.2,4.33,1.2,4.1,1.25,4,1.22,4.9,1.25,4.9,1.21,4.38
40,London,Wimbledon,02/07/18,Grand Slam,Outdoor,Grass,1st Round,5,Monfils G.,Gasquet R.,44,31,1070,1465,7,6,7,5,6,4,,,,,3,0,Completed,2.5,1.53,2.5,1.47,2.5,1.53,2.71,1.53,2.71,1.56,2.57,1.51
40,London,Wimbledon,02/07/18,Grand Slam,Outdoor,Grass,1st Round,5,Anderson K.,Gombos N.,8,190,3635,299,6,3,6,4,6,4,,,,,3,0,Completed,1.08,9,1.07,7,1.08,7.5,1.07,11.51,1.1,11.51,1.07,9.03
40,London,Wimbledon,02/07/18,Grand Slam,Outdoor,Grass,1st Round,5,Donaldson J.,Jaziri M.,54,61,945,912,7,6,6,3,6,1,,,,,3,0,Completed,1.5,2.62,1.5,2.4,1.53,2.5,1.53,2.7,1.53,2.72,1.5,2.58
40,London,Wimbledon,02/07/18,Grand Slam,Outdoor,Grass,1st Round,5,Bemelmans R.,Johnson S.,104,42,545,1085,7,5,6,3,4,6,6,7,8,6,3,2,Completed,2.75,1.44,2.75,1.4,2.75,1.44,3.01,1.44,3.01,1.48,2.85,1.43
40,London,Wimbledon,02/07/18,Grand Slam,Outdoor,Grass,1st Round,5,Lorenzi P.,Djere L.,86,90,668,648,7,6,6,7,6,2,6,4,,,3,1,Completed,1.72,2.1,1.85,1.85,1.91,1.91,1.77,2.17,1.89,2.55,1.78,2.06
40,London,Wimbledon,02/07/18,Grand Slam,Outdoor,Grass,1st Round,5,Mannarino A.,Garin C.,26,167,1580,344,6,3,1,6,7,6,6,2,,,3,1,Completed,1.25,4,1.22,3.85,1.22,4.33,1.28,4.06,1.29,4.5,1.25,4.06
40,London,Wimbledon,02/07/18,Grand Slam,Outdoor,Grass,1st Round,5,Harrison R.,Carballes Baena R.,59,79,920,729,6,1,6,4,6,2,,,,,3,0,Completed,1.12,6,1.12,5.4,1.14,5.5,1.13,7.38,1.16,7.38,1.13,6.15
40,London,Wimbledon,02/07/18,Grand Slam,Outdoor,Grass,1st Round,5,Bedene A.,Norrie C.,71,75,770,743,4,6,7,6,7,6,6,4,,,3,1,Completed,1.5,2.62,1.45,2.55,1.5,2.62,1.53,2.7,1.55,2.9,1.49,2.63
40,London,Wimbledon,02/07/18,Grand Slam,Outdoor,Grass,1st Round,5,Lacko L.,Bonzi B.,73,284,752,189,4,6,6,3,7,6,6,4,,,3,1,Completed,1.2,4.5,1.21,3.95,1.22,4.33,1.24,4.58,1.28,4.8,1.23,4.19
40,London,Wimbledon,03/07/18,Grand Slam,Outdoor,Grass,1st Round,5,Gulbis E.,Clarke J.,138,218,402,265,4,6,6,3,7,6,3,6,6,4,3,2,Completed,1.16,5,1.18,4.3,1.2,4.5,1.22,4.85,1.24,5.3,1.19,4.76
40,London,Wimbledon,03/07/18,Grand Slam,Outdoor,Grass,1st Round,5,Tomic B.,Hurkacz H.,184,122,308,454,6,4,6,2,7,6,,,,,3,0,Completed,1.36,3.2,1.32,3.1,1.36,3.25,1.34,3.56,1.37,3.56,1.33,3.31
40,London,Wimbledon,03/07/18,Grand Slam,Outdoor,Grass,1st Round,5,Del Potro J.M.,Gojowczyk P.,4,39,5080,1153,6,3,6,4,6,3,,,,,3,0,Completed,1.12,6,1.1,5.9,1.11,6.5,1.11,8.05,1.15,8.05,1.11,6.58
40,London,Wimbledon,03/07/18,Grand Slam,Outdoor,Grass,1st Round,5,Dzumhur D.,Marterer M.,23,48,1665,999,6,3,6,2,6,4,,,,,3,0,Completed,1.72,2.1,1.65,2.1,1.67,2.2,1.71,2.27,1.75,2.31,1.68,2.19
40,London,Wimbledon,03/07/18,Grand Slam,Outdoor,Grass,1st Round,5,Nishikori K.,Harrison C.,28,198,1530,292,6,2,4,6,7,6,6,2,,,3,1,Completed,1.1,8,1.07,7,1.08,7.5,1.08,9.87,1.12,10.5,1.08,8.21
40,London,Wimbledon,03/07/18,Grand Slam,Outdoor,Grass,1st Round,5,Lopez F.,Delbonis F.,70,88,780,667,6,3,6,4,6,2,,,,,3,0,Completed,1.11,7,1.09,6.25,1.11,6.5,1.12,7.64,1.13,8,1.1,6.84
40,London,Wimbledon,03/07/18,Grand Slam,Outdoor,Grass,1st Round,5,Vesely J.,Mayer F.,93,91,640,646,7,6,6,4,4,6,6,1,,,3,1,Completed,1.5,2.62,1.42,2.65,1.44,2.75,1.46,2.93,1.5,3,1.45,2.77
40,London,Wimbledon,03/07/18,Grand Slam,Outdoor,Grass,1st Round,5,Albot R.,Carreno Busta P.,98,12,586,2145,3,6,6,0,6,7,6,2,6,1,3,2,Completed,3,1.4,2.85,1.37,3,1.4,3.14,1.42,3.14,1.44,3,1.39
40,London,Wimbledon,03/07/18,Grand Slam,Outdoor,Grass,1st Round,5,Edmund K.,Bolt A.,17,204,1950,286,6,2,6,3,7,5,,,,,3,0,Completed,1.16,5,1.16,4.6,,,1.18,5.65,1.21,5.65,1.17,5.01
40,London,Wimbledon,03/07/18,Grand Slam,Outdoor,Grass,1st Round,5,Kyrgios N.,Istomin D.,18,92,1855,642,7,6,7,6,6,7,6,3,,,3,1,Completed,1.12,6,1.11,5.6,1.14,5.5,1.13,7.05,1.15,7.3,1.13,6.19
40,London,Wimbledon,03/07/18,Grand Slam,Outdoor,Grass,1st Round,5,Klahn B.,Sugita Y.,168,69,342,820,2,6,7,6,6,2,6,2,,,3,1,Completed,3.5,1.3,3.2,1.3,3.25,1.36,3.32,1.38,3.5,1.43,3.28,1.34
40,London,Wimbledon,03/07/18,Grand Slam,Outdoor,Grass,1st Round,5,Schwartzman D.,Basic M.,11,78,2435,733,6,3,6,2,6,1,,,,,3,0,Completed,1.5,2.62,1.42,2.65,1.44,2.75,1.45,3,1.5,3,1.43,2.82
40,London,Wimbledon,03/07/18,Grand Slam,Outdoor,Grass,1st Round,5,Fritz T.,Sonego L.,68,121,839,455,3,6,6,3,6,2,6,2,,,3,1,Completed,1.25,4,1.23,3.75,1.25,4,1.31,3.85,1.31,4.16,1.26,3.92
40,London,Wimbledon,03/07/18,Grand Slam,Outdoor,Grass,1st Round,5,Haase R.,Copil M.,43,94,1075,617,7,6,7,5,4,6,7,6,,,3,1,Completed,1.5,2.62,1.5,2.4,1.53,2.5,1.59,2.52,1.7,2.65,1.54,2.49
40,London,Wimbledon,03/07/18,Grand Slam,Outdoor,Grass,1st Round,5,Zverev A.,Duckworth J.,3,748,5755,28,7,5,6,2,6,0,,,,,3,0,Completed,1.03,15,1.02,10,1.04,11,1.06,13,1.06,16.75,1.03,12.43
40,London,Wimbledon,03/07/18,Grand Slam,Outdoor,Grass,1st Round,5,Tiafoe F.,Verdasco F.,52,34,985,1280,7,6,7,6,3,6,6,3,,,3,1,Completed,2.1,1.72,2.1,1.65,2.1,1.73,2.22,1.74,2.23,1.77,2.16,1.7
40,London,Wimbledon,03/07/18,Grand Slam,Outdoor,Grass,1st Round,5,Bolelli S.,Cuevas P.,154,76,370,735,7,6,7,6,6,1,,,,,3,0,Completed,1.66,2.2,1.6,2.2,1.61,2.25,1.63,2.44,1.67,2.44,1.62,2.31
40,London,Wimbledon,03/07/18,Grand Slam,Outdoor,Grass,1st Round,5,Robert S.,Ramos-Vinolas A.,158,38,359,1170,7,6,6,2,6,1,,,,,3,0,Completed,2.37,1.57,2.35,1.53,2.37,1.57,2.46,1.62,2.57,1.62,2.42,1.57
40,London,Wimbledon,03/07/18,Grand Slam,Outdoor,Grass,1st Round,5,De Minaur A.,Cecchinato M.,80,29,723,1514,6,4,6,7,7,6,6,4,,,3,1,Completed,1.44,2.75,1.42,2.65,1.44,2.75,1.47,2.92,1.5,3,1.44,2.78
40,London,Wimbledon,03/07/18,Grand Slam,Outdoor,Grass,1st Round,5,Nadal R.,Sela D.,1,127,8770,437,6,3,6,3,6,2,,,,,3,0,Completed,1.02,19,1.01,11.5,1.02,15,1.04,15.92,1.04,21.77,1.02,15.11
40,London,Wimbledon,03/07/18,Grand Slam,Outdoor,Grass,1st Round,5,Fognini F.,Daniel T.,16,87,2030,668,3,6,6,3,6,3,6,3,,,3,1,Completed,1.28,3.75,1.28,3.35,1.3,3.5,1.3,3.88,1.33,4,1.29,3.59
40,London,Wimbledon,03/07/18,Grand Slam,Outdoor,Grass,1st Round,5,Khachanov K.,Ferrer D.,40,37,1130,1175,6,1,7,6,3,6,7,5,,,3,1,Completed,1.22,4.33,1.21,3.95,1.25,4,1.25,4.46,1.28,4.5,1.24,4.14
40,London,Wimbledon,03/07/18,Grand Slam,Outdoor,Grass,1st Round,5,Ebden M.,Goffin D.,51,9,989,3110,6,4,6,3,6,4,,,,,3,0,Completed,2.75,1.44,2.65,1.42,2.75,1.44,2.95,1.46,2.95,1.51,2.76,1.45
40,London,Wimbledon,03/07/18,Grand Slam,Outdoor,Grass,1st Round,5,Kukushkin M.,Pospisil V.,77,97,734,594,6,4,3,6,6,2,6,3,,,3,1,Completed,1.61,2.3,1.6,2.2,1.61,2.25,1.67,2.35,1.67,2.4,1.62,2.3
40,London,Wimbledon,03/07/18,Grand Slam,Outdoor,Grass,1st Round,5,Baghdatis M.,Thiem D.,95,7,599,3835,6,4,7,5,2,0,,,,,2,0,Retired,6,1.12,5.4,1.12,5.5,1.14,6.7,1.14,6.75,1.16,6.04,1.13
40,London,Wimbledon,03/07/18,Grand Slam,Outdoor,Grass,1st Round,5,Berrettini M.,Sock J.,81,15,721,2110,6,7,6,7,6,4,7,5,6,2,3,2,Completed,2.2,1.66,2.15,1.62,2.2,1.67,2.3,1.69,2.3,1.75,2.18,1.69
40,London,Wimbledon,03/07/18,Grand Slam,Outdoor,Grass,1st Round,5,Herbert P.H.,Zverev M.,72,41,754,1085,6,4,6,3,6,4,,,,,3,0,Completed,2.62,1.5,2.55,1.45,2.62,1.5,2.75,1.51,2.8,1.53,2.64,1.49
40,London,Wimbledon,03/07/18,Grand Slam,Outdoor,Grass,1st Round,5,Zeballos H.,Andreozzi G.,126,105,438,535,4,6,7,6,6,4,6,4,,,3,1,Completed,1.72,2.1,1.72,2,1.73,2.1,1.75,2.2,1.79,2.2,1.73,2.13
40,London,Wimbledon,03/07/18,Grand Slam,Outdoor,Grass,1st Round,5,Simon G.,Basilashvili N.,53,74,950,750,6,1,7,6,6,1,,,,,3,0,Completed,1.33,3.4,1.32,3.1,1.36,3.25,1.36,3.47,1.37,3.5,1.34,3.3
40,London,Wimbledon,03/07/18,Grand Slam,Outdoor,Grass,1st Round,5,Benneteau J.,Fucsovics M.,63,49,876,997,7,5,7,5,6,3,,,,,3,0,Completed,1.61,2.3,1.57,2.25,1.61,2.25,1.64,2.42,1.67,2.45,1.61,2.34
40,London,Wimbledon,03/07/18,Grand Slam,Outdoor,Grass,1st Round,5,Paire B.,Jung J.,47,155,1010,366,7,5,7,6,6,4,,,,,3,0,Completed,1.4,3,1.38,2.8,1.4,3,1.51,2.72,1.56,4.5,1.43,2.86
40,London,Wimbledon,03/07/18,Grand Slam,Outdoor,Grass,1st Round,5,Djokovic N.,Sandgren T.,21,57,1715,923,6,3,6,1,6,2,,,,,3,0,Completed,1.03,15,1.02,10,1.05,10,1.03,18.09,1.04,20,1.03,14.2
40,London,Wimbledon,03/07/18,Grand Slam,Outdoor,Grass,1st Round,5,Shapovalov D.,Chardy J.,25,46,1588,1025,6,3,3,6,7,5,6,4,,,3,1,Completed,2.1,1.72,2.1,1.65,2.2,1.67,2.15,1.79,2.2,1.79,2.13,1.72
40,London,Wimbledon,04/07/18,Grand Slam,Outdoor,Grass,2nd Round,5,Raonic M.,Millman J.,32,56,1430,931,7,6,7,6,7,6,,,,,3,0,Completed,1.12,6,1.1,5.9,1.12,6,1.11,8.05,1.15,8.4,1.11,6.72
40,London,Wimbledon,04/07/18,Grand Slam,Outdoor,Grass,2nd Round,5,Novak D.,Pouille L.,171,19,338,1835,6,4,6,2,6,7,3,6,6,2,3,2,Completed,4,1.25,3.6,1.25,3.75,1.28,3.8,1.31,4.08,1.31,3.78,1.27
40,London,Wimbledon,04/07/18,Grand Slam,Outdoor,Grass,2nd Round,5,Monfils G.,Lorenzi P.,44,86,1070,668,3,6,6,3,7,6,7,6,,,3,1,Completed,1.07,9,1.05,7.75,1.07,8,1.08,10.44,1.08,11.5,1.06,9.42
40,London,Wimbledon,04/07/18,Grand Slam,Outdoor,Grass,2nd Round,5,Medvedev D.,Garcia-Lopez G.,67,65,847,863,6,3,6,4,6,2,,,,,3,0,Completed,1.33,3.5,1.33,3.05,1.36,3.25,1.38,3.31,1.4,3.5,1.36,3.14
40,London,Wimbledon,04/07/18,Grand Slam,Outdoor,Grass,2nd Round,5,Querrey S.,Stakhovsky S.,13,109,2130,513,7,6,6,3,6,3,,,,,3,0,Completed,1.16,5,1.17,4.4,1.2,4.5,1.2,5.24,1.22,5.24,1.18,4.94
40,London,Wimbledon,04/07/18,Grand Slam,Outdoor,Grass,2nd Round,5,Albot R.,Bedene A.,98,71,586,770,6,2,4,6,7,6,5,7,6,3,3,2,Completed,3.4,1.33,3.05,1.33,3,1.4,3.19,1.41,3.4,1.42,3.1,1.38
40,London,Wimbledon,04/07/18,Grand Slam,Outdoor,Grass,2nd Round,5,Mcdonald M.,Jarry N.,103,66,554,859,7,6,5,7,3,6,6,2,11,9,3,2,Completed,1.66,2.2,1.6,2.2,1.61,2.2,1.68,2.34,1.8,2.34,1.66,2.24
40,London,Wimbledon,04/07/18,Grand Slam,Outdoor,Grass,2nd Round,5,Mannarino A.,Harrison R.,26,59,1580,920,7,5,7,5,7,6,,,,,3,0,Completed,1.44,2.75,1.42,2.65,1.44,2.75,1.5,2.8,1.52,2.99,1.45,2.77
40,London,Wimbledon,04/07/18,Grand Slam,Outdoor,Grass,2nd Round,5,Struff J.L.,Karlovic I.,64,112,865,480,6,7,3,6,7,6,7,6,13,11,3,2,Completed,2.37,1.57,2.25,1.57,2.25,1.61,2.37,1.66,2.41,1.67,2.3,1.62
40,London,Wimbledon,04/07/18,Grand Slam,Outdoor,Grass,2nd Round,5,Federer R.,Lacko L.,2,73,8720,752,6,4,6,4,6,1,,,,,3,0,Completed,1.02,19,1.01,11.5,1.02,15,1.02,22.73,1.03,27.25,1.02,17.49
40,London,Wimbledon,05/07/18,Grand Slam,Outdoor,Grass,2nd Round,5,Tiafoe F.,Benneteau J.,52,63,985,876,4,6,6,3,6,4,6,2,,,3,1,Completed,2,1.8,1.95,1.75,2,1.8,2.02,1.88,2.05,1.95,1.97,1.85
40,London,Wimbledon,05/07/18,Grand Slam,Outdoor,Grass,2nd Round,5,Simon G.,Berrettini M.,53,81,950,721,6,3,7,6,6,2,,,,,3,0,Completed,1.44,2.75,1.38,2.8,1.4,3,1.43,3.08,1.45,3.14,1.4,2.97
40,London,Wimbledon,05/07/18,Grand Slam,Outdoor,Grass,2nd Round,5,De Minaur A.,Herbert P.H.,80,72,723,754,6,2,6,7,7,5,6,3,,,3,1,Completed,1.8,2,1.75,1.95,1.8,2,1.88,2.02,1.89,2.1,1.82,2.01
40,London,Wimbledon,05/07/18,Grand Slam,Outdoor,Grass,2nd Round,5,Kohlschreiber P.,Muller G.,27,60,1575,915,7,6,7,6,7,6,,,,,3,0,Completed,1.44,2.75,1.4,2.75,1.44,2.75,1.47,2.93,1.5,3,1.43,2.83
40,London,Wimbledon,05/07/18,Grand Slam,Outdoor,Grass,2nd Round,5,Pella G.,Cilic M.,82,5,710,5060,3,6,1,6,6,4,7,6,7,5,3,2,Completed,13,1.04,10,1.02,10,1.04,18.03,1.03,20,1.05,14.07,1.03
40,London,Wimbledon,05/07/18,Grand Slam,Outdoor,Grass,2nd Round,5,Nadal R.,Kukushkin M.,1,77,8770,734,6,4,6,3,6,4,,,,,3,0,Completed,1.04,13,1.04,8.5,1.07,8,1.07,10.68,1.09,13,1.06,9.55
40,London,Wimbledon,05/07/18,Grand Slam,Outdoor,Grass,2nd Round,5,Anderson K.,Seppi A.,8,50,3635,996,6,3,6,7,6,3,6,4,,,3,1,Completed,1.25,4,1.24,3.65,1.28,3.75,1.29,4.05,1.29,4.2,1.26,3.91
40,London,Wimbledon,05/07/18,Grand Slam,Outdoor,Grass,2nd Round,5,Tsitsipas S.,Donaldson J.,35,54,1254,945,6,3,6,2,3,6,4,6,6,3,3,2,Completed,1.61,2.25,1.6,2.2,1.61,2.25,1.65,2.4,1.7,2.4,1.63,2.29
40,London,Wimbledon,05/07/18,Grand Slam,Outdoor,Grass,2nd Round,5,Fabbiano T.,Wawrinka S.,133,224,424,255,7,6,6,3,7,6,,,,,3,0,Completed,3.5,1.3,3.35,1.28,3.25,1.33,3.59,1.34,3.7,1.35,3.49,1.31
40,London,Wimbledon,05/07/18,Grand Slam,Outdoor,Grass,2nd Round,5,Isner J.,Bemelmans R.,10,104,3045,545,6,1,6,4,6,7,6,7,7,5,3,2,Completed,1.25,4,1.22,3.85,1.25,4,1.24,4.55,1.28,4.55,1.24,4.09
40,London,Wimbledon,05/07/18,Grand Slam,Outdoor,Grass,2nd Round,5,Kyrgios N.,Haase R.,18,43,1855,1075,6,3,6,4,7,5,,,,,3,0,Completed,1.16,5,1.14,5,1.17,5.5,1.17,6.02,1.2,6.02,1.16,5.32
40,London,Wimbledon,05/07/18,Grand Slam,Outdoor,Grass,2nd Round,5,Djokovic N.,Zeballos H.,21,126,1715,438,6,1,6,2,6,3,,,,,3,0,Completed,1.01,23,1.01,11.5,1.01,21,1.02,24.52,1.03,29.75,1.01,18.53
40,London,Wimbledon,05/07/18,Grand Slam,Outdoor,Grass,2nd Round,5,Khachanov K.,Baghdatis M.,40,95,1130,599,6,3,6,4,3,6,6,7,7,5,3,2,Completed,1.3,3.5,1.25,3.6,1.28,3.75,1.27,4.23,1.3,4.23,1.26,3.89
40,London,Wimbledon,05/07/18,Grand Slam,Outdoor,Grass,2nd Round,5,Ebden M.,Robert S.,51,158,989,359,6,3,7,6,4,6,6,1,,,3,1,Completed,1.2,4.5,1.14,5,1.17,5,1.16,6.16,1.2,6.16,1.15,5.48
40,London,Wimbledon,05/07/18,Grand Slam,Outdoor,Grass,2nd Round,5,Vesely J.,Schwartzman D.,93,11,640,2435,6,3,6,4,7,6,,,,,3,0,Completed,1.8,2,1.8,1.9,1.91,1.91,1.88,2.02,1.95,2.02,1.86,1.95
40,London,Wimbledon,05/07/18,Grand Slam,Outdoor,Grass,2nd Round,5,Gulbis E.,Dzumhur D.,138,23,402,1665,2,6,6,4,6,3,1,6,6,3,3,2,Completed,2.75,1.44,2.95,1.35,3,1.4,3.05,1.43,3.3,1.45,3.02,1.39
40,London,Wimbledon,05/07/18,Grand Slam,Outdoor,Grass,2nd Round,5,Paire B.,Shapovalov D.,47,25,1010,1588,0,6,6,2,6,4,7,6,,,3,1,Completed,3.25,1.36,2.95,1.35,3,1.4,3.19,1.41,3.25,1.45,3.08,1.38
40,London,Wimbledon,05/07/18,Grand Slam,Outdoor,Grass,2nd Round,5,Nishikori K.,Tomic B.,28,184,1530,308,2,6,6,3,7,6,7,5,,,3,1,Completed,1.5,2.62,1.45,2.55,1.53,2.5,1.46,2.93,1.54,2.93,1.47,2.72
40,London,Wimbledon,05/07/18,Grand Slam,Outdoor,Grass,2nd Round,5,Del Potro J.M.,Lopez F.,4,70,5080,780,6,4,6,1,6,2,,,,,3,0,Completed,1.3,3.5,1.28,3.35,1.33,3.4,1.34,3.63,1.39,3.63,1.33,3.36
40,London,Wimbledon,05/07/18,Grand Slam,Outdoor,Grass,2nd Round,5,Edmund K.,Klahn B.,17,168,1950,342,6,4,7,6,6,2,,,,,3,0,Completed,1.14,5.5,1.13,5.2,1.14,5.5,1.14,6.62,1.17,6.62,1.14,5.81
40,London,Wimbledon,05/07/18,Grand Slam,Outdoor,Grass,2nd Round,5,Fognini F.,Bolelli S.,16,154,2030,370,6,3,6,4,6,1,,,,,3,0,Completed,1.53,2.5,1.5,2.4,1.57,2.37,1.53,2.69,1.6,2.69,1.54,2.49
40,London,Wimbledon,06/07/18,Grand Slam,Outdoor,Grass,2nd Round,5,Zverev A.,Fritz T.,3,68,5755,839,6,4,5,7,6,7,6,1,6,2,3,2,Completed,1.12,6,1.1,5.9,1.12,6,1.13,7.38,1.16,7.6,1.12,6.26
40,London,Wimbledon,06/07/18,Grand Slam,Outdoor,Grass,3rd Round,5,Anderson K.,Kohlschreiber P.,8,27,3635,1575,6,3,7,5,7,5,,,,,3,0,Completed,1.36,3.2,1.32,3.1,1.33,3.4,1.38,3.36,1.41,3.4,1.36,3.18
40,London,Wimbledon,06/07/18,Grand Slam,Outdoor,Grass,3rd Round,5,Monfils G.,Querrey S.,44,13,1070,2130,5,7,6,4,6,4,6,2,,,3,1,Completed,2.75,1.44,2.65,1.42,2.62,1.44,3,1.46,3,1.49,2.81,1.44
40,London,Wimbledon,06/07/18,Grand Slam,Outdoor,Grass,3rd Round,5,Mannarino A.,Medvedev D.,26,67,1580,847,6,4,6,3,4,6,5,7,6,3,3,2,Completed,2,1.8,1.95,1.75,2,1.8,2.04,1.88,2.13,1.88,2.02,1.8
40,London,Wimbledon,06/07/18,Grand Slam,Outdoor,Grass,3rd Round,5,Tsitsipas S.,Fabbiano T.,35,133,1254,424,6,2,6,1,6,4,,,,,3,0,Completed,1.4,3,1.35,2.95,1.4,3,1.42,3.17,1.43,3.2,1.39,3.02
40,London,Wimbledon,06/07/18,Grand Slam,Outdoor,Grass,3rd Round,5,Isner J.,Albot R.,10,98,3045,586,6,3,6,3,6,4,,,,,3,0,Completed,1.16,5,1.14,5,1.14,5.5,1.15,6.61,1.18,6.61,1.15,5.54
40,London,Wimbledon,06/07/18,Grand Slam,Outdoor,Grass,3rd Round,5,Federer R.,Struff J.L.,2,64,8720,865,6,3,7,5,6,2,,,,,3,0,Completed,1.02,17,1.01,11.5,1.02,15,1.03,21.1,1.03,24.75,1.02,16.2
40,London,Wimbledon,06/07/18,Grand Slam,Outdoor,Grass,3rd Round,5,Mcdonald M.,Pella G.,103,82,554,710,6,4,6,4,7,6,,,,,3,0,Completed,2.2,1.66,2.15,1.62,2.2,1.67,2.33,1.69,2.33,1.71,2.23,1.67
40,London,Wimbledon,07/07/18,Grand Slam,Outdoor,Grass,3rd Round,5,Del Potro J.M.,Paire B.,4,47,5080,1010,6,4,7,6,6,3,,,,,3,0,Completed,1.11,7,1.1,5.9,1.11,6.5,1.12,8.03,1.13,8.4,1.11,6.83
40,London,Wimbledon,07/07/18,Grand Slam,Outdoor,Grass,3rd Round,5,Simon G.,Ebden M.,53,51,950,989,6,1,6,7,6,3,7,6,,,3,1,Completed,2.2,1.66,2.15,1.62,2.2,1.67,2.36,1.68,2.36,1.73,2.26,1.65
40,London,Wimbledon,07/07/18,Grand Slam,Outdoor,Grass,3rd Round,5,Raonic M.,Novak D.,32,171,1430,338,7,6,4,6,7,5,6,2,,,3,1,Completed,1.08,9,1.14,5,1.07,8,1.09,9.59,1.09,9.85,1.07,8.54
40,London,Wimbledon,07/07/18,Grand Slam,Outdoor,Grass,3rd Round,5,Nadal R.,De Minaur A.,1,80,8770,723,6,1,6,2,6,4,,,,,3,0,Completed,1.1,8,1.07,7,1.08,7.5,1.1,9.05,1.1,9.6,1.08,7.88
40,London,Wimbledon,07/07/18,Grand Slam,Outdoor,Grass,3rd Round,5,Vesely J.,Fognini F.,93,16,640,2030,7,6,3,6,6,3,6,2,,,3,1,Completed,2.5,1.53,2.4,1.5,2.5,1.53,2.65,1.56,2.65,1.6,2.5,1.54
40,London,Wimbledon,07/07/18,Grand Slam,Outdoor,Grass,3rd Round,5,Gulbis E.,Zverev A.,138,3,402,5755,7,6,4,6,5,7,6,3,6,0,3,2,Completed,5.5,1.14,4.6,1.16,5,1.17,5.77,1.18,5.77,1.19,5.24,1.16
40,London,Wimbledon,07/07/18,Grand Slam,Outdoor,Grass,3rd Round,5,Khachanov K.,Tiafoe F.,40,52,1130,985,4,6,4,6,7,6,6,2,6,1,3,2,Completed,1.61,2.3,1.57,2.25,1.61,2.25,1.63,2.47,1.65,2.5,1.6,2.35
40,London,Wimbledon,07/07/18,Grand Slam,Outdoor,Grass,3rd Round,5,Djokovic N.,Edmund K.,21,17,1715,1950,4,6,6,3,6,2,6,4,,,3,1,Completed,1.25,4,1.24,3.65,1.28,3.75,1.27,4.26,1.3,4.28,1.25,3.98
40,London,Wimbledon,07/07/18,Grand Slam,Outdoor,Grass,3rd Round,3,Nishikori K.,Kyrgios N.,28,18,1530,1855,6,1,7,6,6,4,,,,,3,0,Completed,3,1.4,2.8,1.38,3,1.4,2.95,1.47,3.25,1.49,2.96,1.41
40,London,Wimbledon,09/07/18,Grand Slam,Outdoor,Grass,4th Round,5,Federer R.,Mannarino A.,2,26,8720,1580,6,0,7,5,6,4,,,,,3,0,Completed,1.02,19,1.01,11.5,1.03,15,1.03,21.1,1.04,24.55,1.02,16.15
40,London,Wimbledon,09/07/18,Grand Slam,Outdoor,Grass,4th Round,5,Raonic M.,Mcdonald M.,32,103,1430,554,6,3,6,4,6,7,6,2,,,3,1,Completed,1.11,7,1.09,6.25,1.1,7,1.1,9.31,1.12,9.31,1.1,7.48
40,London,Wimbledon,09/07/18,Grand Slam,Outdoor,Grass,4th Round,5,Nishikori K.,Gulbis E.,28,138,1530,402,4,6,7,6,7,6,6,1,,,3,1,Completed,1.25,3.75,1.24,3.65,1.28,3.75,1.3,4.02,1.32,4.1,1.27,3.83
40,London,Wimbledon,09/07/18,Grand Slam,Outdoor,Grass,4th Round,5,Isner J.,Tsitsipas S.,10,35,3045,1254,6,4,7,6,7,6,,,,,3,0,Completed,1.5,2.62,1.47,2.5,1.5,2.62,1.5,2.85,1.53,2.85,1.5,2.65
40,London,Wimbledon,09/07/18,Grand Slam,Outdoor,Grass,4th Round,5,Anderson K.,Monfils G.,8,44,3635,1070,7,6,7,6,5,7,7,6,,,3,1,Completed,1.61,2.2,1.57,2.25,1.57,2.37,1.57,2.6,1.74,2.6,1.62,2.33
40,London,Wimbledon,09/07/18,Grand Slam,Outdoor,Grass,4th Round,5,Nadal R.,Vesely J.,1,93,8770,640,6,3,6,3,6,4,,,,,3,0,Completed,1.08,9,1.06,7.25,1.08,7.5,1.07,12.18,1.1,12.18,1.07,9.05
40,London,Wimbledon,09/07/18,Grand Slam,Outdoor,Grass,4th Round,5,Djokovic N.,Khachanov K.,21,40,1715,1130,6,4,6,2,6,2,,,,,3,0,Completed,1.11,7,1.11,5.6,1.12,6,1.12,7.83,1.15,7.83,1.12,6.43
40,London,Wimbledon,10/07/18,Grand Slam,Outdoor,Grass,4th Round,5,Del Potro J.M.,Simon G.,4,53,5080,950,7,6,7,6,5,7,7,6,,,3,1,Completed,1.12,6,1.12,5.4,1.12,6,1.12,8.03,1.15,8.5,1.12,6.58
40,London,Wimbledon,11/07/18,Grand Slam,Outdoor,Grass,Quarterfinals,5,Djokovic N.,Nishikori K.,21,28,1715,1530,6,3,3,6,6,2,6,2,,,3,1,Completed,1.12,6,1.12,5.4,1.14,5.5,1.15,6.7,1.17,6.95,1.14,6.11
40,London,Wimbledon,11/07/18,Grand Slam,Outdoor,Grass,Quarterfinals,5,Anderson K.,Federer R.,8,2,3635,8720,2,6,6,7,7,5,6,4,13,11,3,2,Completed,10,1.07,7.75,1.05,8,1.07,9.52,1.09,12.6,1.1,9.1,1.07
40,London,Wimbledon,11/07/18,Grand Slam,Outdoor,Grass,Quarterfinals,5,Nadal R.,Del Potro J.M.,1,4,8770,5080,7,5,6,7,4,6,6,4,6,4,3,2,Completed,1.36,3.2,1.35,2.95,1.4,3,1.41,3.24,1.43,3.35,1.37,3.18
40,London,Wimbledon,11/07/18,Grand Slam,Outdoor,Grass,Quarterfinals,5,Isner J.,Raonic M.,10,32,3045,1430,6,7,7,6,6,4,6,3,,,3,1,Completed,2.2,1.66,2.15,1.62,2.2,1.67,2.38,1.67,2.38,1.72,2.27,1.66
40,London,Wimbledon,13/07/18,Grand Slam,Outdoor,Grass,Semifinals,5,Anderson K.,Isner J.,8,10,3635,3045,7,6,6,7,6,7,6,4,26,24,3,2,Completed,2,1.8,1.95,1.75,2,1.8,2.15,1.82,2.15,1.93,2.01,1.84
40,London,Wimbledon,14/07/18,Grand Slam,Outdoor,Grass,Semifinals,5,Djokovic N.,Nadal R.,21,1,1715,8770,6,4,3,6,7,6,3,6,10,8,3,2,Completed,1.9,1.9,1.95,1.75,2,1.8,2.05,1.9,2.05,1.95,1.97,1.87
40,London,Wimbledon,15/07/18,Grand Slam,Outdoor,Grass,The Final,5,Djokovic N.,Anderson K.,21,8,1715,3635,6,2,6,2,7,6,,,,,3,0,Completed,1.16,5,1.17,4.4,1.2,4.5,1.21,5.3,1.25,5.6,1.19,4.95
